event,n,p50_ms,p95_ms,error_rate,median_n_rows
depth_profile_transect,2,,,1.0,
download:bundle,21,32084.3,47183.8,0.0,16.0
download:integrated_bundle,19,19439.7,300486.6,0.0,12.0
download_bundle,4,35161.9,47975.9,0.0,18.5
download_integrated_bundle,3,20994.5,23676.0,0.0,12.0
filter_no_results,34,,,1.0,
filter_submit,125,,,0.0,
map:get_env,18,25.4,34.8,0.0,
map:get_sp,18,230.5,318.9,0.0,
map_query_env,125,27.0,87.8,0.0,
map_query_env_poly,38,265.4,526.2,0.0,13.0
map_query_sp,125,61.6,540.7,0.0,
map_query_sp_poly,38,426.3,1077.2,0.0,
open_cite_data,1,,,0.0,
open_feedback,25,,,0.0,
open_filters,64,,,0.0,
open_layers,23,,,0.0,
open_transect,10,,,0.0,
select_agg_unit,39,,,0.0,
select_layers,7,,,0.0,
select_map_area,1,,,0.0,
select_tab,82,,,0.0,
select_theme,36,,,0.0,
session_start,343,,,0.0,
start_tour,272,,,0.0,
test:log_query,1,842.1,842.1,0.0,13319.0
