app_version,n,first_seen,last_seen
04fac6a,35,2026-08-04,2026-08-04
07ee123,685,2026-08-25,2026-09-04
0b90a6d,22,2026-08-07,2026-08-07
108629f,7,2026-08-04,2026-08-04
1758474,2,2026-07-27,2026-07-27
1c3ee24,14,2026-08-14,2026-08-14
247be0b,11,2026-08-04,2026-08-04
3784d97,2,2026-09-04,2026-09-04
487bbc2,29,2026-08-04,2026-08-04
4cdefc2,8,2026-08-14,2026-08-14
5ab8ada,53,2026-09-07,2026-09-08
5ce687f,2,2026-07-27,2026-07-27
5d0a16e,45,2026-09-08,2026-09-08
5f7421b,5,2026-08-04,2026-08-04
61bb83a,33,2026-08-04,2026-08-05
61d9524,2,2026-09-06,2026-09-06
6760bee,35,2026-09-05,2026-09-06
892031a,21,2026-08-14,2026-08-14
93e7735,11,2026-08-05,2026-08-06
9b12cf9,4,2026-09-06,2026-09-06
a636202,4,2026-08-25,2026-08-25
aa0f9b6,52,2026-07-27,2026-07-31
b3472bc,13,2026-08-07,2026-08-10
b7717b0,15,2026-09-06,2026-09-07
b902efd,2,2026-08-25,2026-08-25
b9988c3,90,2026-08-14,2026-08-22
bc99b59,8,2026-08-14,2026-08-14
c2f854a,16,2026-09-08,2026-09-08
cbc4d03,1,2026-08-04,2026-08-04
cbf02dd,9,2026-09-07,2026-09-07
ec11977,4,2026-08-25,2026-08-25
f44b324,4,2026-08-11,2026-08-12
latest,1,2026-07-27,2026-07-27
test,1,2026-07-15,2026-07-15
