country,countryId,region,activeUsers,sessions
Australia,AU,Other,6,7
Belgium,BE,Other,2,3
Botswana,BW,,2,2
Botswana,BW,Other,2,2
Brazil,BR,Other,2,2
Canada,CA,Other,4,4
China,CN,Other,3,3
Croatia,HR,Other,1,1
France,FR,Other,1,2
Germany,DE,Other,4,5
Ghana,GH,Other,1,1
Guam,GU,,1,1
Guam,GU,Other,1,1
India,IN,Other,4,4
Indonesia,ID,Other,1,1
Ireland,IE,Other,4,4
Italy,IT,Other,6,8
Mexico,MX,Other,12,14
Netherlands,NL,Other,1,1
New Zealand,NZ,Other,2,3
Panama,PA,,1,1
Panama,PA,Other,1,1
Philippines,PH,Other,2,2
Poland,PL,Other,1,2
Portugal,PT,Other,1,1
Serbia,RS,Other,1,1
Singapore,SG,,2,2
Singapore,SG,Other,9,10
Spain,ES,Other,1,1
Sweden,SE,Other,5,5
Taiwan,TW,Other,1,1
Türkiye,TR,Other,1,1
United Kingdom,GB,Other,4,4
United States,US,,1,1
United States,US,Arizona,20,21
United States,US,California,669,1099
United States,US,Colorado,23,25
United States,US,Florida,10,10
United States,US,Hawaii,11,12
United States,US,Oregon,17,25
United States,US,Other,75,94
United States,US,Virginia,53,54
United States,US,Washington,36,50
