eventName,eventCount,activeUsers
click,9,3
depth_profile_transect,4,3
download_bundle,9,4
download_integrated_bundle,5,4
filter_no_results,94,5
filter_submit,367,13
first_visit,30,30
form_start,5,2
map_query_env,367,13
map_query_env_poly,59,5
map_query_sp,367,13
map_query_sp_poly,59,5
open_cite_data,13,4
open_feedback,37,3
open_filters,126,14
open_layers,53,14
open_spatial,5,1
open_transect,14,5
page_view,645,49
scroll,599,48
select_agg_unit,65,5
select_layers,44,7
select_map_area,11,2
select_tab,147,15
select_theme,140,5
session_start,824,47
start_tour,270,44
user_engagement,375,31
