date,requests,bytes,clients,browser,tool,errors
2026-07-29,329,3331430624,45,49,280,7
2026-07-30,2281,193377234,121,64,2217,47
2026-07-31,1117,2886872,142,996,121,9
2026-08-01,1671,4360391,187,1486,185,64
2026-08-02,1023,259095342,198,429,594,124
2026-08-03,533,1582874,188,359,174,16
2026-08-04,1022,2571183,282,689,333,47
2026-08-05,535,1556939,246,309,226,27
2026-08-06,267,584559,173,90,177,47
2026-08-07,542,1256037,399,171,371,31
2026-08-08,956,3198289,559,142,814,24
2026-08-09,887,8523546,547,108,779,20
2026-08-10,813,440335212,365,259,554,40
2026-08-11,370,184216874,333,184,186,22
2026-08-12,445,128472493,388,262,183,25
2026-08-13,440,335371424,393,224,216,28
2026-08-14,452,1584001102,380,254,198,21
2026-08-15,1084,203627221,1017,822,262,39
2026-08-16,1496,281814221,1109,975,521,272
2026-08-17,3783,447307027,931,935,2848,638
2026-08-18,1834,98928449,545,1578,256,16
2026-08-19,675,3183332,435,402,273,27
2026-08-20,432,1101309,344,140,292,33
2026-08-21,927,2587854,390,657,270,31
2026-08-22,905,9700386,611,608,297,25
2026-08-23,418,7621439,348,187,231,23
2026-08-24,922,2624651,331,688,234,35
2026-08-25,429,1262360,172,284,145,22
